{"cameraMode":{"drawMode":0,"name":"Shaded","section":"Shading Mode"},"sceneLighting":true,"audioPlay":false,"sceneViewState":{"showFog":true,"showMaterialUpdate":true,"showSkybox":true,"showFlares":true,"showImageEffects":true,"showParticleSystems":true},"in2DMode":false,"pivot":{"x":0.3980054557323456,"y":0.7946367859840393,"z":6.066030502319336},"rotation":{"x":0.0024035486858338119,"y":0.11824095249176026,"z":-0.0002846251300070435,"w":0.992982029914856},"size":15.248248100280762,"orthographic":false}