{"cameraMode":{"drawMode":0,"name":"Shaded","section":"Shading Mode"},"sceneLighting":true,"audioPlay":false,"sceneViewState":{"showFog":true,"showMaterialUpdate":true,"showSkybox":true,"showFlares":true,"showImageEffects":true,"showParticleSystems":true},"in2DMode":false,"pivot":{"x":-1.5399729013442994,"y":-1.442000150680542,"z":0.17976990342140199},"rotation":{"x":-0.2596822679042816,"y":0.21166375279426576,"z":-0.0584510937333107,"w":-0.9403972625732422},"size":17.927623748779298,"orthographic":false}