{"cameraMode":{"drawMode":0,"name":"Shaded","section":"Shading Mode"},"sceneLighting":true,"audioPlay":false,"sceneViewState":{"showFog":true,"showMaterialUpdate":true,"showSkybox":true,"showFlares":true,"showImageEffects":true,"showParticleSystems":true},"in2DMode":false,"pivot":{"x":0.11043668538331986,"y":-0.0671011358499527,"z":10.360016822814942},"rotation":{"x":0.027853570878505708,"y":0.06744007766246796,"z":-0.0018816284136846662,"w":0.9973326921463013},"size":15.248248100280762,"orthographic":false}